Key,block1Title,previewText,logo,logoUrl,headlineImg,headlineMobImg,topModText,heroImg,heroMobImg,heroAltText,heroUrl,headerCopy11,headerCopy12,cta1Url,cta1Text,mod1DesktopImg,mod1DesktopText,mod1MobileImg,mod1MobileText,mod1DesktopImgUrl,mod1ImgAtlText,mod2DesktopImg,mod2DesktopText,mod2MobileImg,mod2MobileText,mod2ImgUrl,mod2ImgAltText,mod3DesktopImg,mod3DesktopText,mod3MobileImg,mod3MobileText,mod3ImgUrl,mod3ImgAltText,headlineImage2Desktop,headlineImage2Mobile,Headlinetext2,heroImage2Desktop,heroImage2Mobile,heroImage2Url,heroImage2AltText,headerCopy3,headerCopy4,headerCopy5,cta2,cta2Url,cta3,cta3Url,cta4,cta4Url
310BBDR,¡Crecen tan rápido!,¡Feliz cumpleaños para tu peque!,,https://www.dodot.es/?utm_source=newsletter_holiday&utm_medium=email&utm_campaign=trigger_holiday-babybirthday-rewards&utm_content=header_logo,,,cuando le cogiste por primera vez en brazos,5eb17b33b0c2be7510ae2125/original.jpg?1588689715,5eb17b34b0c2be7510ae2126/original.jpg?1588689716,¡Y parece que fue ayer cuando le cogiste por primera vez en brazos!,,"Nada como ver a tu peque crecer. Cada día es una nueva aventura, y estamos felices de acompañarte en este viaje, dándote la mejor protección Dodot para la delicada piel de tu pequeñín.",¡Feliz y estupendo cumpleaños para tu peque!,,,,,,,,,,,,,,,,,,,,,,,,,,,,,,,,,,,,
310FDGN,"¡Este e-mail es para ti, PAPI!",Esperamos que hayas tenido un Día del Padre inolvidable,,https://www.dodot.es/?utm_source=newsletter_holiday&utm_medium=email&utm_campaign=trigger_holiday-fathersday&utm_content=header_logo,,,,5eb0219843c19d308827cd16/original.jpg?1588601240,5eb021a23f0da23ff25c37bb/original.jpg?1588601250,"Porque con solo decir ""gracias"" nos quedamos cortos",,¡Feliz Día del Padre!,,,,,,,,,,,,,,,,,,,,,,,,,,,,,,,,,,,,,
310MDGN,"¡Este e-mail es para ti, MAMI!",Esperamos que tengas un Día de la Madre fantástico,,https://www.dodot.es/?utm_source=newsletter_holiday&utm_medium=email&utm_campaign=trigger_holiday-mothersday&utm_content=header_logo,,,,5eb0219843c19d308827cd16/original.jpg?1588601240,5eb021a23f0da23ff25c37bb/original.jpg?1588601250,"¿Cómo decirte ""gracias"" por todos tus abrazos y todo tu amor, en pocas palabras?",,¡Feliz Día de la Madre!,,,,,,,,,,,,,,,,,,,,,,,,,,,,,,,,,,,,,
310NYGN,¿Qué sorpresas nos traerá este año?,Feliz Año Nuevo de parte de Dodot,,https://www.dodot.es/?utm_source=newsletter_holiday&utm_medium=email&utm_campaign=trigger_holiday-newyears&utm_content=header_logo,,,,5eb0219843c19d308827cd16/original.jpg?1588601240,5eb021a23f0da23ff25c37bb/original.jpg?1588601250,Llega Año Nuevo y tú estás mejor que nunca,,¡Tú y tu familia habéis tenido un año muy especial!,¡Feliz Año Nuevo!,,,,,,,,,,,,,,,,,,,,,,,,,,,,,,,,,,,,
310VDGN,¡El A-M-O-R está en todas partes!,Esperamos que hayas tenido un Día de San Valentín único,,https://www.dodot.es/?utm_source=newsletter_holiday&utm_medium=email&utm_campaign=trigger_holiday-valentinesday&utm_content=header_logo,,,,5eb0219843c19d308827cd16/original.jpg?1588601240,5eb021a23f0da23ff25c37bb/original.jpg?1588601250,Parece que tienes un admirador... ¡no tan secreto!,,Tener un niño es como enamorarse una y otra vez.,¡Feliz San Valentín!,,,,,,,,,,,,,,,,,,,,,,,,,,,,,,,,,,,,