Key,block1Title,previewText,logo,logoUrl,headlineImg,headlineMobImg,topModText,heroImg,heroMobImg,heroAltText,heroUrl,headerCopy11,headerCopy12,cta1Url,cta1Text,mod1DesktopImg,mod1DesktopText,mod1MobileImg,mod1MobileText,mod1DesktopImgUrl,mod1ImgAlttext,mod2DesktopImg,mod2DesktopText,mod2MobileImg,mod2MobileText,mod2ImgUrl,mod2ImgAltText,mod3DesktopImg,mod3DesktopText,mod3MobileImg,mod3MobileText,mod3ImgUrl,mod3ImgAltText,headlineImage2Desktop,headlineImage2Mobile,Headlinetext2,heroImage2Desktop,heroImage2Mobile,heroImage2Url,heroImage2AltText,headerCopy3,headerCopy4,headerCopy5,cta2copy,cta2Url,cta3copy,cta3Url,cta4copy,cta4Url
rewards-postnatal,Dodot VIP: 10 paquetes=1 de Regalo,¿Quieres conseguir pañales Dodot gratis?,,https://www.dodot.es/?utm_source=pampersus&utm_medium=email&utm_campaign=welcome-rewards_postnatal_organic&utm_content=logo,title.jpg,ws-rewards-title-es-mob.jpg,,Rewards_postnatal_hero_es.jpg,hero_mob.jpg,Ser padres te da muchas satisfacciones,https://app.adjust.com/ff1dnth?network=owned_media&campaign=email&adgroup=Welcome_Webreg&fallback=https%3A%2F%2Fwww.dodot.es%2Fdodot-vip,Descarga la APP gratuita Dodot VIP,y comienza a ganar paquetes de pañales GRATIS. ¿Cómo hacerlo?,https://app.adjust.com/ff1dnth?network=owned_media&campaign=email&adgroup=Welcome_Webreg&fallback=https%3A%2F%2Fwww.dodot.es%2Fdodot-vip,Descarga Dodot VIP,,<b>Busca</b> el código PIN dentro de la bolsa de pañales,,<b>Busca</b> el código PIN dentro de la bolsa de pañales,,1,,<b>Canjéalo</b> en la APP y consigue sellos,,<b>Canjéalo</b> en la APP y consigue sellos,,2,,<b>Disfruta</b> de 1 paquete de pañales GRATIS por cada 10 sellos,,<b>Disfruta</b> de 1 paquete de pañales GRATIS por cada 10 sellos,,3,,,,hero_sec.jpg,hero_sec_mob.jpg,,,Compra Dodot y empieza a acumular sellos. ¡Hay pañales gratis esperándote!,,,,,,,,
profile-prenatal,¡Tu historia acaba de empezar!,Completa tu perfil en Dodot.es,,https://www.dodot.es/?utm_source=pampersus&utm_medium=email&utm_campaign=welcome-profile_prenatal_organic&utm_content=logo,ws-profile-update-title-es.jpg,ws-profile-update-title-es-mob.jpg,,Profile-prenatall_hero_es.jpg,Profile-prenatall_hero_es-mob.jpg,¡Es tu historia y no queremos perdernos nada!,https://www.dodot.es/editar-perfil?utm_source=newsletter&utm_medium=email&utm_campaign=welcome-profile_prenatal_organic&utm_content=body_maincta,¡Es tu historia y no queremos perdernos nada!,"Hay algunos datos en blanco en tu perfil Dodot.es, complétalos para personalizar tu experiencia y recibir más información sobre el desarrollo de tu bebé, cupones y productos gratis.",,,,,,,,,,,,,,,,,,,,,,,,,,,,,,,Completa tu perfil,https://www.dodot.es/editar-perfil?utm_source=newsletter&utm_medium=email&utm_campaign=welcome-profile_prenatal_organic&utm_content=body_maincta,,,,
rewards-prenatal,Dodot VIP: 10 paquetes=1 de Regalo,¿Quieres conseguir pañales Dodot gratis?,,https://www.dodot.es/?utm_source=pampersus&utm_medium=email&utm_campaign=welcome-rewards_prenatal_organic&utm_content=logo,ws-rewards-title-es.jpg,ws-rewards-title-es-mob.jpg,,Rewards_prenatal_hero_es.jpg,Rewards_prenatal_hero_es-mob.jpg,Ser padres te da muchas satisfacciones,https://www.dodot.es/registro?utm_source=newsletter&utm_medium=email&utm_campaign=welcome-rewards_prenatal_organic&utm_content=body_maincta,Descarga la APP gratuita Dodot VIP,y comienza a ganar paquetes de pañales GRATIS. ¿Cómo hacerlo?,https://app.adjust.com/ff1dnth?utm_source=newsletter&utm_medium=email&utm_campaign=welcome-rewards_prenatal_organic&utm_content=body_maincta,Descarga Dodot VIP,,<b>Busca</b> el código PIN dentro de la bolsa de pañales,,<b>Busca</b> el código PIN dentro de la bolsa de pañales,,1,,<b>Canjéalo</b> en la APP y consigue sellos,,<b>Canjéalo</b> en la APP y consigue sellos,,2,,<b>Disfruta</b> de 1 paquete de pañales GRATIS por cada 10 sellos,,<b>Disfruta</b> de 1 paquete de pañales GRATIS por cada 10 sellos,,3,,,,hero_sec.jpg,hero_sec_mob.jpg,,,Compra Dodot y empieza a acumular sellos. ¡Hay pañales gratis esperándote!,,,,,,,,
profile-postnatal,¡Tu historia sólo acaba de empezar!,Completa tu perfil en Dodot.es,,https://www.dodot.es/?utm_source=pampersus&utm_medium=email&utm_campaign=welcome-profile_postnatal_organic&utm_content=logo,ws-profile-update-title-es.jpg,ws-profile-update-title-es-mob.jpg,,Complete-your-profile-es.jpg,Complete-your-profile-es-mob.jpg,¡Es tu historia y no queremos perdernos nada!,https://www.dodot.es/editar-perfil?utm_source=newsletter&utm_medium=email&utm_campaign=welcome-profile_postnatal_organic&utm_content=body_maincta,¡Es tu historia y no queremos perdernos nada!,"Hay algunos datos en blanco en tu perfil Dodot.es, complétalos para personalizar tu experiencia y recibir más información sobre el desarrollo de tu bebé, cupones y productos gratis.",,,,,,,,,,,,,,,,,,,,,,,,,,,,,,,Completa tu perfil,https://www.dodot.es/editar-perfil?utm_source=newsletter&utm_medium=email&utm_campaign=welcome-profile_postnatal_organic&utm_content=body_maincta,,,,
