Key,block1Title,previewText,logo,logoUrl,headlineImg,headlineMobImg,topModText,heroImg,heroMobImg,heroAltText,heroUrl,headerCopy11,headerCopy12,cta1Url,cta1Text,mod1DesktopImg,mod1DesktopText,mod1MobileImg,mod1MobileText,mod1DesktopImgUrl,mod1ImgAlttext,mod2DesktopImg,mod2DesktopText,mod2MobileImg,mod2MobileText,mod2ImgUrl,mod2ImgAltText,mod3DesktopImg,mod3DesktopText,mod3MobileImg,mod3MobileText,mod3ImgUrl,mod3ImgAltText,headlineImage2Desktop,headlineImage2Mobile,Headlinetext2,heroImage2Desktop,heroImage2Mobile,heroImage2Url,heroImage2AltText,headerCopy3,headerCopy4,headerCopy5,cta2copy,cta2Url,cta3copy,cta3Url,cta4copy,cta4Url
-40,Revisa nuestro calendario del embarazo,¿Sabes qué está pasando en esta semana de embarazo?,,https://www.dodot.es/?utm_source=pampersus&utm_medium=email&utm_campaign=welcome-content_prenatal_organic&utm_content=logo,ws-content-title-es.jpg,ws-content-title-es-mob.jpg,,Profile-prenatall_hero_es.jpg,Profile-prenatall_hero_es-mob.jpg,Esta historia es tan maravillosa que siempre querréis vivir un capítulo más,https://www.dodot.es/embarazo/calendario-del-embarazo?utm_source=newsletter&utm_medium=email&utm_campaign=welcome-day2-content_prenatal_organic&utm_content=body_week0_heroimg,"Descubre cada semana nuevos detalles, desde el embarazo hasta la llegada del bebé.",¡Noticias frescas! ¿Qué está pasando en tu embarazo?,https://www.dodot.es/embarazo/calendario-del-embarazo?utm_source=newsletter&utm_medium=email&utm_campaign=welcome-day2-content_prenatal_organic&utm_content=body_week0_maincta,Revisa nuestro calendario del embarazo,5ea825d8a995e76e0a125c66/original.jpg?1588078040,,5ea825e69ae168166b9184b0/original.jpg?1588078054,,,,,,,,,,,,,,,,,,,,,,,"<b>Desde el embarazo hasta el nacimiento, cada semana revela más asombrosos detalles.</b><br /><br />
Te enviaremos mensajes regularmente con los momentos más emocionantes.",,,Revisa nuestro calendario del embarazo,https://www.dodot.es/embarazo/calendario-del-embarazo?utm_source=newsletter&utm_medium=email&utm_campaign=welcome-day2-content_prenatal_organic&utm_content=body_week0_maincta,,,,
-39,Revisa nuestro calendario del embarazo,¿Sabes qué está pasando en esta semana de embarazo?,,https://www.dodot.es/?utm_source=pampersus&utm_medium=email&utm_campaign=welcome-content_prenatal_organic&utm_content=logo,ws-content-title-es.jpg,ws-content-title-es-mob.jpg,,Profile-prenatall_hero_es.jpg,Profile-prenatall_hero_es-mob.jpg,Esta historia es tan maravillosa que siempre querréis vivir un capítulo más,https://www.dodot.es/embarazo/calendario-del-embarazo?utm_source=newsletter&utm_medium=email&utm_campaign=welcome-day2-content_prenatal_organic&utm_content=body_week1_heroimg,"Descubre cada semana nuevos detalles, desde el embarazo hasta la llegada del bebé.",¡Noticias frescas! ¿Qué está pasando en tu embarazo?,https://www.dodot.es/embarazo/calendario-del-embarazo?utm_source=newsletter&utm_medium=email&utm_campaign=welcome-day2-content_prenatal_organic&utm_content=body_week1_maincta,Revisa nuestro calendario del embarazo,5ea183a69ae1680e36b33b52/original.jpg?1587643302,Semana 1,5ea1864d9ae1680f7cb3390e/original.jpg?1587643981,Semana 1,,,,,,,,,,,,,,,,,,,,,,"<b>Desde el embarazo hasta el nacimiento, cada semana revela más asombrosos detalles.</b><br /><br />
Te enviaremos mensajes regularmente con los momentos más emocionantes.",,,Revisa nuestro calendario del embarazo,https://www.dodot.es/embarazo/calendario-del-embarazo?utm_source=newsletter&utm_medium=email&utm_campaign=welcome-day2-content_prenatal_organic&utm_content=body_week1_maincta,,,,
-38,Revisa nuestro calendario del embarazo,¿Sabes qué está pasando en esta semana de embarazo?,,https://www.dodot.es/?utm_source=pampersus&utm_medium=email&utm_campaign=welcome-content_prenatal_organic&utm_content=logo,ws-content-title-es.jpg,ws-content-title-es-mob.jpg,,Profile-prenatall_hero_es.jpg,Profile-prenatall_hero_es-mob.jpg,Esta historia es tan maravillosa que siempre querréis vivir un capítulo más,https://www.dodot.es/embarazo/calendario-del-embarazo?utm_source=newsletter&utm_medium=email&utm_campaign=welcome-day2-content_prenatal_organic&utm_content=body_week2_heroimg,"Descubre cada semana nuevos detalles, desde el embarazo hasta la llegada del bebé.",¡Noticias frescas! ¿Qué está pasando en tu embarazo?,https://www.dodot.es/embarazo/calendario-del-embarazo?utm_source=newsletter&utm_medium=email&utm_campaign=welcome-day2-content_prenatal_organic&utm_content=body_week2_maincta,Revisa nuestro calendario del embarazo,5ea183a636dc786bc077a764/original.jpg?1587643302,Semana 2,5ea1864e36dc786d5677a4ff/original.jpg?1587643982,Semana 2,,,,,,,,,,,,,,,,,,,,,,"<b>Desde el embarazo hasta el nacimiento, cada semana revela más asombrosos detalles.</b><br /><br />
Te enviaremos mensajes regularmente con los momentos más emocionantes.",,,Revisa nuestro calendario del embarazo,https://www.dodot.es/embarazo/calendario-del-embarazo?utm_source=newsletter&utm_medium=email&utm_campaign=welcome-day2-content_prenatal_organic&utm_content=body_week2_maincta,,,,
-37,Revisa nuestro calendario del embarazo,¿Sabes qué está pasando en esta semana de embarazo?,,https://www.dodot.es/?utm_source=pampersus&utm_medium=email&utm_campaign=welcome-content_prenatal_organic&utm_content=logo,ws-content-title-es.jpg,ws-content-title-es-mob.jpg,,Profile-prenatall_hero_es.jpg,Profile-prenatall_hero_es-mob.jpg,Esta historia es tan maravillosa que siempre querréis vivir un capítulo más,https://www.dodot.es/embarazo/calendario-del-embarazo?utm_source=newsletter&utm_medium=email&utm_campaign=welcome-day2-content_prenatal_organic&utm_content=body_week3_heroimg,"Descubre cada semana nuevos detalles, desde el embarazo hasta la llegada del bebé.",¡Noticias frescas! ¿Qué está pasando en tu embarazo?,https://www.dodot.es/embarazo/calendario-del-embarazo?utm_source=newsletter&utm_medium=email&utm_campaign=welcome-day2-content_prenatal_organic&utm_content=body_week3_maincta,Revisa nuestro calendario del embarazo,5ea183a643c19d16ca84b8c5/original.jpg?1587643302,Semana 3,5ea1864db0c2be6f8346343b/original.jpg?1587643981,Semana 3,,,,,,,,,,,,,,,,,,,,,,"<b>Desde el embarazo hasta el nacimiento, cada semana revela más asombrosos detalles.</b><br /><br />
Te enviaremos mensajes regularmente con los momentos más emocionantes.",,,Revisa nuestro calendario del embarazo,https://www.dodot.es/embarazo/calendario-del-embarazo?utm_source=newsletter&utm_medium=email&utm_campaign=welcome-day2-content_prenatal_organic&utm_content=body_week3_maincta,,,,
-36,Mira lo que está pasando en la semana 4,¿Sabes qué está pasando en esta semana de embarazo?,,https://www.dodot.es/?utm_source=pampersus&utm_medium=email&utm_campaign=welcome-content_prenatal_organic&utm_content=logo,ws-content-title-es.jpg,ws-content-title-es-mob.jpg,,Profile-prenatall_hero_es.jpg,Profile-prenatall_hero_es-mob.jpg,Esta historia es tan maravillosa que siempre querréis vivir un capítulo más,https://www.dodot.es/embarazo/calendario-del-embarazo/series/embarazo-semana-4?utm_source=newsletter&utm_medium=email&utm_campaign=welcome-day2-content_prenatal_organic&utm_content=body_week4_heroimg,"Descubre cada semana nuevos detalles, desde el embarazo hasta la llegada del bebé.",¡Noticias frescas! ¿Qué está pasando en tu embarazo?,https://www.dodot.es/embarazo/calendario-del-embarazo/cuarta-semana-de-embarazo?utm_source=newsletter_babyeducation&utm_medium=email&utm_campaign=trigger_babyeducation_week-4&utm_content=maincta _maincta,Mira lo que está pasando en la semana 4,5ea183a6a995e77b70c05a52/original.jpg?1587643302,Semana 4,5ea1864d3f0da203f5d3f6a9/original.jpg?1587643981,Semana 4,,,,,,,,,,,,,,,,,,,,,,Algo grande está pasando. ¡Tu peque ya mide10 milimetros! Y desde ahora crecerá y crecerá…muy rápido,,,Mira lo que está pasando en la semana 4,https://www.dodot.es/embarazo/calendario-del-embarazo/series/embarazo-semana-4?utm_source=newsletter&utm_medium=email&utm_campaign=welcome-day2-content_prenatal_organic&utm_content=body_week4_maincta,,,,
-35,Mira lo que está pasando en la semana 5,¿Sabes qué está pasando en esta semana de embarazo?,,https://www.dodot.es/?utm_source=pampersus&utm_medium=email&utm_campaign=welcome-content_prenatal_organic&utm_content=logo,ws-content-title-es.jpg,ws-content-title-es-mob.jpg,,Profile-prenatall_hero_es.jpg,Profile-prenatall_hero_es-mob.jpg,Esta historia es tan maravillosa que siempre querréis vivir un capítulo más,https://www.dodot.es/embarazo/calendario-del-embarazo/series/embarazo-semana-5?utm_source=newsletter&utm_medium=email&utm_campaign=welcome-day2-content_prenatal_organic&utm_content=body_week5_heroimg,"Descubre cada semana nuevos detalles, desde el embarazo hasta la llegada del bebé.",¡Noticias frescas! ¿Qué está pasando en tu embarazo?,https://www.dodot.es/embarazo/calendario-del-embarazo/quinta-semana-de-embarazo?utm_source=newsletter_babyeducation&utm_medium=email&utm_campaign=trigger_babyeducation_week-5&utm_content=maincta _maincta,Mira lo que está pasando en la semana 5,5ea183a6a995e77c85c05cc1/original.jpg?1587643302,Semana 5,5ea1864d43c19d670d84bdae/original.jpg?1587643981,Semana 5,,,,,,,,,,,,,,,,,,,,,,Tu peque está aprovechando al máximo todos los nutrientes que le das. ¡No te olvides de que ahora comes por dos!,,,Mira lo que está pasando en la semana 5,https://www.dodot.es/embarazo/calendario-del-embarazo/series/embarazo-semana-5?utm_source=newsletter&utm_medium=email&utm_campaign=welcome-day2-content_prenatal_organic&utm_content=body_week5_maincta,,,,
-34,Mira lo que está pasando en la semana 6,¿Sabes qué está pasando en esta semana de embarazo?,,https://www.dodot.es/?utm_source=pampersus&utm_medium=email&utm_campaign=welcome-content_prenatal_organic&utm_content=logo,ws-content-title-es.jpg,ws-content-title-es-mob.jpg,,Profile-prenatall_hero_es.jpg,Profile-prenatall_hero_es-mob.jpg,Esta historia es tan maravillosa que siempre querréis vivir un capítulo más,https://www.dodot.es/embarazo/calendario-del-embarazo/series/embarazo-semana-6?utm_source=newsletter&utm_medium=email&utm_campaign=welcome-day2-content_prenatal_organic&utm_content=body_week6_heroimg,"Descubre cada semana nuevos detalles, desde el embarazo hasta la llegada del bebé.",¡Noticias frescas! ¿Qué está pasando en tu embarazo?,https://www.dodot.es/embarazo/calendario-del-embarazo/sexta-semana-de-embarazo?utm_source=newsletter_babyeducation&utm_medium=email&utm_campaign=trigger_babyeducation_week-6&utm_content=maincta _maincta,Mira lo que está pasando en la semana 6,5ea183a63f0da202d8d3f992/original.jpg?1587643302,Semana 6,5ea1864d3f0da2021cd3f623/original.jpg?1587643981,Semana 6,,,,,,,,,,,,,,,,,,,,,,"Ahora mismo tu peque está desarrollando todos los tejidos que serán sus rasgos faciales: ojitos, orejitas y su naricita ¡Qué monada!",,,Mira lo que está pasando en la semana 6,https://www.dodot.es/embarazo/calendario-del-embarazo/series/embarazo-semana-6?utm_source=newsletter&utm_medium=email&utm_campaign=welcome-day2-content_prenatal_organic&utm_content=body_week6_maincta,,,,
-33,Mira lo que está pasando en la semana 7,¿Sabes qué está pasando en esta semana de embarazo?,,https://www.dodot.es/?utm_source=pampersus&utm_medium=email&utm_campaign=welcome-content_prenatal_organic&utm_content=logo,ws-content-title-es.jpg,ws-content-title-es-mob.jpg,,Profile-prenatall_hero_es.jpg,Profile-prenatall_hero_es-mob.jpg,Esta historia es tan maravillosa que siempre querréis vivir un capítulo más,https://www.dodot.es/embarazo/calendario-del-embarazo/series/embarazo-semana-7?utm_source=newsletter&utm_medium=email&utm_campaign=welcome-day2-content_prenatal_organic&utm_content=body_week7_heroimg,"Descubre cada semana nuevos detalles, desde el embarazo hasta la llegada del bebé.",¡Noticias frescas! ¿Qué está pasando en tu embarazo?,https://www.dodot.es/embarazo/calendario-del-embarazo/embarazada-de-7-semanas?utm_source=newsletter_babyeducation&utm_medium=email&utm_campaign=trigger_babyeducation_week-7&utm_content=maincta _maincta,Mira lo que está pasando en la semana 7,5ea183a6b0c2be6d17462d1b/original.jpg?1587643302,Semana 7,5ea1864db0c2be6d8b462f24/original.jpg?1587643981,Semana 7,,,,,,,,,,,,,,,,,,,,,,"Aunque el cerebro de tu peque sigue en desarrollo continuo, las secciones básicas de su cerebro están formadas. ¡A que puedes decirle ""pequeño genio""!",,,Mira lo que está pasando en la semana 7,https://www.dodot.es/embarazo/calendario-del-embarazo/series/embarazo-semana-7?utm_source=newsletter&utm_medium=email&utm_campaign=welcome-day2-content_prenatal_organic&utm_content=body_week7_maincta,,,,
-32,Mira lo que está pasando en la semana 8,¿Sabes qué está pasando en esta semana de embarazo?,,https://www.dodot.es/?utm_source=pampersus&utm_medium=email&utm_campaign=welcome-content_prenatal_organic&utm_content=logo,ws-content-title-es.jpg,ws-content-title-es-mob.jpg,,Profile-prenatall_hero_es.jpg,Profile-prenatall_hero_es-mob.jpg,Esta historia es tan maravillosa que siempre querréis vivir un capítulo más,https://www.dodot.es/embarazo/calendario-del-embarazo/series/embarazo-semana-8?utm_source=newsletter&utm_medium=email&utm_campaign=welcome-day2-content_prenatal_organic&utm_content=body_week8_heroimg,"Descubre cada semana nuevos detalles, desde el embarazo hasta la llegada del bebé.",¡Noticias frescas! ¿Qué está pasando en tu embarazo?,https://www.dodot.es/embarazo/calendario-del-embarazo/embarazada-de-8-semanas?utm_source=newsletter_babyeducation&utm_medium=email&utm_campaign=trigger_babyeducation_week-8&utm_content=maincta _maincta,Mira lo que está pasando en la semana 8,5ea183a69ae1680f3bb33859/original.jpg?1587643302,Semana 8,5ea1864da995e77befc05d43/original.jpg?1587643981,Semana 8,,,,,,,,,,,,,,,,,,,,,,"
Las manos y los pies de tu bebé se están formando esta semana. ¡A qué no puedes esperar a ver y contar sus deditos!",,,Mira lo que está pasando en la semana 8,https://www.dodot.es/embarazo/calendario-del-embarazo/series/embarazo-semana-8?utm_source=newsletter&utm_medium=email&utm_campaign=welcome-day2-content_prenatal_organic&utm_content=body_week8_maincta,,,,
-31,Mira lo que está pasando en la semana 9,¿Sabes qué está pasando en esta semana de embarazo?,,https://www.dodot.es/?utm_source=pampersus&utm_medium=email&utm_campaign=welcome-content_prenatal_organic&utm_content=logo,ws-content-title-es.jpg,ws-content-title-es-mob.jpg,,Profile-prenatall_hero_es.jpg,Profile-prenatall_hero_es-mob.jpg,Esta historia es tan maravillosa que siempre querréis vivir un capítulo más,https://www.dodot.es/embarazo/calendario-del-embarazo/series/embarazo-semana-9?utm_source=newsletter&utm_medium=email&utm_campaign=welcome-day2-content_prenatal_organic&utm_content=body_week9_heroimg,"Descubre cada semana nuevos detalles, desde el embarazo hasta la llegada del bebé.",¡Noticias frescas! ¿Qué está pasando en tu embarazo?,https://www.dodot.es/embarazo/calendario-del-embarazo/embarazada-de-9-semanas?utm_source=newsletter_babyeducation&utm_medium=email&utm_campaign=trigger_babyeducation_week-9&utm_content=maincta _maincta,Mira lo que está pasando en la semana 9,5ea183a636dc786cd377aabc/original.jpg?1587643302,Semana 9,5ea1864db0c2be6f3b463016/original.jpg?1587643981,Semana 9,,,,,,,,,,,,,,,,,,,,,,"Aunque todavía no puedes sentirlo, ¡tu bebé está empezando a estar realmente activo!",,,Mira lo que está pasando en la semana 9,https://www.dodot.es/embarazo/calendario-del-embarazo/series/embarazo-semana-9?utm_source=newsletter&utm_medium=email&utm_campaign=welcome-day2-content_prenatal_organic&utm_content=body_week9_maincta,,,,
-30,Mira lo que está pasando en la semana 10,¿Sabes qué está pasando en esta semana de embarazo?,,https://www.dodot.es/?utm_source=pampersus&utm_medium=email&utm_campaign=welcome-content_prenatal_organic&utm_content=logo,ws-content-title-es.jpg,ws-content-title-es-mob.jpg,,Profile-prenatall_hero_es.jpg,Profile-prenatall_hero_es-mob.jpg,Esta historia es tan maravillosa que siempre querréis vivir un capítulo más,https://www.dodot.es/embarazo/calendario-del-embarazo/series/embarazo-semana-10?utm_source=newsletter&utm_medium=email&utm_campaign=welcome-day2-content_prenatal_organic&utm_content=body_week10_heroimg,"Descubre cada semana nuevos detalles, desde el embarazo hasta la llegada del bebé.",¡Noticias frescas! ¿Qué está pasando en tu embarazo?,https://www.dodot.es/embarazo/calendario-del-embarazo/embarazada-de-10-semanas?utm_source=newsletter_babyeducation&utm_medium=email&utm_campaign=trigger_babyeducation_week-10&utm_content=maincta _maincta,Mira lo que está pasando en la semana 10,be-post-week-10-es.jpg,Semana 10,be-post-week-10-es-mob.jpg,Semana 10,,,,,,,,,,,,,,,,,,,,,,Los ojos y orejas de tu bebé están casi listos para comenzar a recibir sus primeros estímulos. No pasará mucho tiempo para que escuche tu voz.,,,Mira lo que está pasando en la semana 10,https://www.dodot.es/embarazo/calendario-del-embarazo/series/embarazo-semana-10?utm_source=newsletter&utm_medium=email&utm_campaign=welcome-day2-content_prenatal_organic&utm_content=body_week10_maincta,,,,
-29,Mira lo que está pasando en la semana 11,¿Sabes qué está pasando en esta semana de embarazo?,,https://www.dodot.es/?utm_source=pampersus&utm_medium=email&utm_campaign=welcome-content_prenatal_organic&utm_content=logo,ws-content-title-es.jpg,ws-content-title-es-mob.jpg,,Profile-prenatall_hero_es.jpg,Profile-prenatall_hero_es-mob.jpg,Esta historia es tan maravillosa que siempre querréis vivir un capítulo más,https://www.dodot.es/embarazo/calendario-del-embarazo/series/embarazo-semana-11?utm_source=newsletter&utm_medium=email&utm_campaign=welcome-day2-content_prenatal_organic&utm_content=body_week11_heroimg,"Descubre cada semana nuevos detalles, desde el embarazo hasta la llegada del bebé.",¡Noticias frescas! ¿Qué está pasando en tu embarazo?,https://www.dodot.es/embarazo/calendario-del-embarazo/embarazada-de-11-semanas?utm_source=newsletter_babyeducation&utm_medium=email&utm_campaign=trigger_babyeducation_week-11&utm_content=maincta _maincta,Mira lo que está pasando en la semana 11,be-post-week-11-es.jpg,Semana 11,be-post-week-11-es-mob.jpg,Semana 11,,,,,,,,,,,,,,,,,,,,,,El latido del corazón de tu bebé es ahora más rápido que el tuyo: ¡más de 140 latidos por minuto!,,,Mira lo que está pasando en la semana 11,https://www.dodot.es/embarazo/calendario-del-embarazo/series/embarazo-semana-11?utm_source=newsletter&utm_medium=email&utm_campaign=welcome-day2-content_prenatal_organic&utm_content=body_week11_maincta,,,,
-28,Mira lo que está pasando en la semana 12,¿Sabes qué está pasando en esta semana de embarazo?,,https://www.dodot.es/?utm_source=pampersus&utm_medium=email&utm_campaign=welcome-content_prenatal_organic&utm_content=logo,ws-content-title-es.jpg,ws-content-title-es-mob.jpg,,Profile-prenatall_hero_es.jpg,Profile-prenatall_hero_es-mob.jpg,Esta historia es tan maravillosa que siempre querréis vivir un capítulo más,https://www.dodot.es/embarazo/calendario-del-embarazo/series/embarazo-semana-12?utm_source=newsletter&utm_medium=email&utm_campaign=welcome-day2-content_prenatal_organic&utm_content=body_week12_heroimg,"Descubre cada semana nuevos detalles, desde el embarazo hasta la llegada del bebé.",¡Noticias frescas! ¿Qué está pasando en tu embarazo?,https://www.dodot.es/embarazo/calendario-del-embarazo/embarazada-de-12-semanas?utm_source=newsletter_babyeducation&utm_medium=email&utm_campaign=trigger_babyeducation_week-12&utm_content=maincta _maincta,Mira lo que está pasando en la semana 12,be-post-week-12-es.jpg,Semana 12,be-post-week-12-es-mob.jpg,Semana 12,,,,,,,,,,,,,,,,,,,,,,"Tu bebé está empezando finalmente a parecerse a un pequeño humano, esta semana ya tiene deditos en las manos y en los pies.",,,Mira lo que está pasando en la semana 12,https://www.dodot.es/embarazo/calendario-del-embarazo/series/embarazo-semana-12?utm_source=newsletter&utm_medium=email&utm_campaign=welcome-day2-content_prenatal_organic&utm_content=body_week12_maincta,,,,
-27,Mira lo que está pasando en la semana 13,¿Sabes qué está pasando en esta semana de embarazo?,,https://www.dodot.es/?utm_source=pampersus&utm_medium=email&utm_campaign=welcome-content_prenatal_organic&utm_content=logo,ws-content-title-es.jpg,ws-content-title-es-mob.jpg,,Profile-prenatall_hero_es.jpg,Profile-prenatall_hero_es-mob.jpg,Esta historia es tan maravillosa que siempre querréis vivir un capítulo más,https://www.dodot.es/embarazo/calendario-del-embarazo/series/embarazo-semana-13?utm_source=newsletter&utm_medium=email&utm_campaign=welcome-day2-content_prenatal_organic&utm_content=body_week13_heroimg,"Descubre cada semana nuevos detalles, desde el embarazo hasta la llegada del bebé.",¡Noticias frescas! ¿Qué está pasando en tu embarazo?,https://www.dodot.es/embarazo/calendario-del-embarazo/embarazada-de-13-semanas?utm_source=newsletter_babyeducation&utm_medium=email&utm_campaign=trigger_babyeducation_week-13&utm_content=maincta _maincta,Mira lo que está pasando en la semana 13,be-post-week-13-es.jpg,Semana 13,be-post-week-13-es-mob.jpg,Semana 13,,,,,,,,,,,,,,,,,,,,,,Tu bebé es más o menos del tamaño de tu fruta favorita (si tu fruta favorita es la ciruela).,,,Mira lo que está pasando en la semana 13,https://www.dodot.es/embarazo/calendario-del-embarazo/series/embarazo-semana-13?utm_source=newsletter&utm_medium=email&utm_campaign=welcome-day2-content_prenatal_organic&utm_content=body_week13_maincta,,,,
-26,Mira lo que está pasando en la semana 14,¿Sabes qué está pasando en esta semana de embarazo?,,https://www.dodot.es/?utm_source=pampersus&utm_medium=email&utm_campaign=welcome-content_prenatal_organic&utm_content=logo,ws-content-title-es.jpg,ws-content-title-es-mob.jpg,,Profile-prenatall_hero_es.jpg,Profile-prenatall_hero_es-mob.jpg,Esta historia es tan maravillosa que siempre querréis vivir un capítulo más,https://www.dodot.es/embarazo/calendario-del-embarazo/series/embarazo-semana-14?utm_source=newsletter&utm_medium=email&utm_campaign=welcome-day2-content_prenatal_organic&utm_content=body_week14_heroimg,"Descubre cada semana nuevos detalles, desde el embarazo hasta la llegada del bebé.",¡Noticias frescas! ¿Qué está pasando en tu embarazo?,https://www.dodot.es/embarazo/calendario-del-embarazo/embarazada-de-14-semanas?utm_source=newsletter_babyeducation&utm_medium=email&utm_campaign=trigger_babyeducation_week-14&utm_content=maincta _maincta,Mira lo que está pasando en la semana 14,be-post-week-14-es.jpg,Semana 14,be-post-week-14-es-mob.jpg,Semana 14,,,,,,,,,,,,,,,,,,,,,,"Con cada semana que pasa, tu bebé se parece más a la personita que conocerás cuando dés a luz.",,,Mira lo que está pasando en la semana 14,https://www.dodot.es/embarazo/calendario-del-embarazo/series/embarazo-semana-14?utm_source=newsletter&utm_medium=email&utm_campaign=welcome-day2-content_prenatal_organic&utm_content=body_week14_maincta,,,,
-25,Mira lo que está pasando en la semana 15,¿Sabes qué está pasando en esta semana de embarazo?,,https://www.dodot.es/?utm_source=pampersus&utm_medium=email&utm_campaign=welcome-content_prenatal_organic&utm_content=logo,ws-content-title-es.jpg,ws-content-title-es-mob.jpg,,Profile-prenatall_hero_es.jpg,Profile-prenatall_hero_es-mob.jpg,Esta historia es tan maravillosa que siempre querréis vivir un capítulo más,https://www.dodot.es/embarazo/calendario-del-embarazo/series/embarazo-semana-15?utm_source=newsletter&utm_medium=email&utm_campaign=welcome-day2-content_prenatal_organic&utm_content=body_week15_heroimg,"Descubre cada semana nuevos detalles, desde el embarazo hasta la llegada del bebé.",¡Noticias frescas! ¿Qué está pasando en tu embarazo?,https://www.dodot.es/embarazo/calendario-del-embarazo/embarazada-de-15-semanas?utm_source=newsletter_babyeducation&utm_medium=email&utm_campaign=trigger_babyeducation_week-15&utm_content=maincta _maincta,Mira lo que está pasando en la semana 15,be-post-week-15-es.jpg,Semana 15,be-post-week-15-es-mob.jpg,Semana 15,,,,,,,,,,,,,,,,,,,,,,Los folículos pilosos de tu bebé están trabajando para producir un vello suave ultrafino en todo su cuerpo.,,,Mira lo que está pasando en la semana 15,https://www.dodot.es/embarazo/calendario-del-embarazo/series/embarazo-semana-15?utm_source=newsletter&utm_medium=email&utm_campaign=welcome-day2-content_prenatal_organic&utm_content=body_week15_maincta,,,,
-24,Mira lo que está pasando en la semana 16,¿Sabes qué está pasando en esta semana de embarazo?,,https://www.dodot.es/?utm_source=pampersus&utm_medium=email&utm_campaign=welcome-content_prenatal_organic&utm_content=logo,ws-content-title-es.jpg,ws-content-title-es-mob.jpg,,Profile-prenatall_hero_es.jpg,Profile-prenatall_hero_es-mob.jpg,Esta historia es tan maravillosa que siempre querréis vivir un capítulo más,https://www.dodot.es/embarazo/calendario-del-embarazo/series/embarazo-semana-16?utm_source=newsletter&utm_medium=email&utm_campaign=welcome-day2-content_prenatal_organic&utm_content=body_week16_heroimg,"Descubre cada semana nuevos detalles, desde el embarazo hasta la llegada del bebé.",¡Noticias frescas! ¿Qué está pasando en tu embarazo?,https://www.dodot.es/embarazo/calendario-del-embarazo/embarazada-de-16-semanas?utm_source=newsletter_babyeducation&utm_medium=email&utm_campaign=trigger_babyeducation_week-16&utm_content=maincta _maincta,Mira lo que está pasando en la semana 16,be-post-week-16-es.jpg,Semana 16,be-post-week-16-es-mob.jpg,Semana 16,,,,,,,,,,,,,,,,,,,,,,Tu bebé está haciendo bastante ejercicio con esos bracitos y piernitas en crecimiento.,,,Mira lo que está pasando en la semana 16,https://www.dodot.es/embarazo/calendario-del-embarazo/series/embarazo-semana-16?utm_source=newsletter&utm_medium=email&utm_campaign=welcome-day2-content_prenatal_organic&utm_content=body_week16_maincta,,,,
-23,Mira lo que está pasando en la semana 17,¿Sabes qué está pasando en esta semana de embarazo?,,https://www.dodot.es/?utm_source=pampersus&utm_medium=email&utm_campaign=welcome-content_prenatal_organic&utm_content=logo,ws-content-title-es.jpg,ws-content-title-es-mob.jpg,,Profile-prenatall_hero_es.jpg,Profile-prenatall_hero_es-mob.jpg,Esta historia es tan maravillosa que siempre querréis vivir un capítulo más,https://www.dodot.es/embarazo/calendario-del-embarazo/series/embarazo-semana-17?utm_source=newsletter&utm_medium=email&utm_campaign=welcome-day2-content_prenatal_organic&utm_content=body_week17_heroimg,"Descubre cada semana nuevos detalles, desde el embarazo hasta la llegada del bebé.",¡Noticias frescas! ¿Qué está pasando en tu embarazo?,https://www.dodot.es/embarazo/calendario-del-embarazo/embarazada-de-17-semanas?utm_source=newsletter_babyeducation&utm_medium=email&utm_campaign=trigger_babyeducation_week-17&utm_content=maincta _maincta,Mira lo que está pasando en la semana 17,be-post-week-17-es.jpg,Semana 17,be-post-week-17-es-mob.jpg,Semana 17,,,,,,,,,,,,,,,,,,,,,,Tu bebé está empezando a desarrollar una capa de grasa bajo su pie. Esa capa le ayudará a mantener la temperatura corporal después de nacer.,,,Mira lo que está pasando en la semana 17,https://www.dodot.es/embarazo/calendario-del-embarazo/series/embarazo-semana-17?utm_source=newsletter&utm_medium=email&utm_campaign=welcome-day2-content_prenatal_organic&utm_content=body_week17_maincta,,,,
-22,Mira lo que está pasando en la semana 18,¿Sabes qué está pasando en esta semana de embarazo?,,https://www.dodot.es/?utm_source=pampersus&utm_medium=email&utm_campaign=welcome-content_prenatal_organic&utm_content=logo,ws-content-title-es.jpg,ws-content-title-es-mob.jpg,,Profile-prenatall_hero_es.jpg,Profile-prenatall_hero_es-mob.jpg,Esta historia es tan maravillosa que siempre querréis vivir un capítulo más,https://www.dodot.es/embarazo/calendario-del-embarazo/series/embarazo-semana-18?utm_source=newsletter&utm_medium=email&utm_campaign=welcome-day2-content_prenatal_organic&utm_content=body_week18_heroimg,"Descubre cada semana nuevos detalles, desde el embarazo hasta la llegada del bebé.",¡Noticias frescas! ¿Qué está pasando en tu embarazo?,https://www.dodot.es/embarazo/calendario-del-embarazo/embarazada-de-18-semanas?utm_source=newsletter_babyeducation&utm_medium=email&utm_campaign=trigger_babyeducation_week-18&utm_content=maincta _maincta,Mira lo que está pasando en la semana 18,be-post-week-18-es.jpg,Semana 18,be-post-week-18-es-mob.jpg,Semana 18,,,,,,,,,,,,,,,,,,,,,,Tu pequeño está trabajando duro formando las huellas las huellas dactilares en sus dedos.,,,Mira lo que está pasando en la semana 18,https://www.dodot.es/embarazo/calendario-del-embarazo/series/embarazo-semana-18?utm_source=newsletter&utm_medium=email&utm_campaign=welcome-day2-content_prenatal_organic&utm_content=body_week18_maincta,,,,
-21,Mira lo que está pasando en la semana 19,¿Sabes qué está pasando en esta semana de embarazo?,,https://www.dodot.es/?utm_source=pampersus&utm_medium=email&utm_campaign=welcome-content_prenatal_organic&utm_content=logo,ws-content-title-es.jpg,ws-content-title-es-mob.jpg,,Profile-prenatall_hero_es.jpg,Profile-prenatall_hero_es-mob.jpg,Esta historia es tan maravillosa que siempre querréis vivir un capítulo más,https://www.dodot.es/embarazo/calendario-del-embarazo/series/embarazo-semana-19?utm_source=newsletter&utm_medium=email&utm_campaign=welcome-day2-content_prenatal_organic&utm_content=body_week19_heroimg,"Descubre cada semana nuevos detalles, desde el embarazo hasta la llegada del bebé.",¡Noticias frescas! ¿Qué está pasando en tu embarazo?,https://www.dodot.es/embarazo/calendario-del-embarazo/embarazada-de-19-semanas?utm_source=newsletter_babyeducation&utm_medium=email&utm_campaign=trigger_babyeducation_week-19&utm_content=maincta _maincta,Mira lo que está pasando en la semana 19,be-post-week-19-es.jpg,Semana 19,be-post-week-19-es-mob.jpg,Semana 19,,,,,,,,,,,,,,,,,,,,,,"Esta semana, la piel de tu bebé está produciendo una sustancia cremosa llamada vernix.",,,Mira lo que está pasando en la semana 19,https://www.dodot.es/embarazo/calendario-del-embarazo/series/embarazo-semana-19?utm_source=newsletter&utm_medium=email&utm_campaign=welcome-day2-content_prenatal_organic&utm_content=body_week19_maincta,,,,
-20,Mira lo que está pasando en la semana 20,¿Sabes qué está pasando en esta semana de embarazo?,,https://www.dodot.es/?utm_source=pampersus&utm_medium=email&utm_campaign=welcome-content_prenatal_organic&utm_content=logo,ws-content-title-es.jpg,ws-content-title-es-mob.jpg,,Profile-prenatall_hero_es.jpg,Profile-prenatall_hero_es-mob.jpg,Esta historia es tan maravillosa que siempre querréis vivir un capítulo más,https://www.dodot.es/embarazo/calendario-del-embarazo/series/embarazo-semana-20?utm_source=newsletter&utm_medium=email&utm_campaign=welcome-day2-content_prenatal_organic&utm_content=body_week20_heroimg,"Descubre cada semana nuevos detalles, desde el embarazo hasta la llegada del bebé.",¡Noticias frescas! ¿Qué está pasando en tu embarazo?,https://www.dodot.es/embarazo/calendario-del-embarazo/embarazada-de-20-semanas?utm_source=newsletter_babyeducation&utm_medium=email&utm_campaign=trigger_babyeducation_week-20&utm_content=maincta _maincta,Mira lo que está pasando en la semana 20,be-post-week-20-es.jpg,Semana 20,be-post-week-20-es-mob.jpg,Semana 20,,,,,,,,,,,,,,,,,,,,,,El cerebro de tu bebé ha estado trabajando horas extras para desarrollar los sentidos. ¿Y ese sacudón rítmico que sientes dentro de ti? ¡Es el hipo del bebé!,,,Mira lo que está pasando en la semana 20,https://www.dodot.es/embarazo/calendario-del-embarazo/series/embarazo-semana-20?utm_source=newsletter&utm_medium=email&utm_campaign=welcome-day2-content_prenatal_organic&utm_content=body_week20_maincta,,,,
-19,Mira lo que está pasando en la semana 21,¿Sabes qué está pasando en esta semana de embarazo?,,https://www.dodot.es/?utm_source=pampersus&utm_medium=email&utm_campaign=welcome-content_prenatal_organic&utm_content=logo,ws-content-title-es.jpg,ws-content-title-es-mob.jpg,,Profile-prenatall_hero_es.jpg,Profile-prenatall_hero_es-mob.jpg,Esta historia es tan maravillosa que siempre querréis vivir un capítulo más,https://www.dodot.es/embarazo/calendario-del-embarazo/series/embarazo-semana-21?utm_source=newsletter&utm_medium=email&utm_campaign=welcome-day2-content_prenatal_organic&utm_content=body_week21_heroimg,"Descubre cada semana nuevos detalles, desde el embarazo hasta la llegada del bebé.",¡Noticias frescas! ¿Qué está pasando en tu embarazo?,https://www.dodot.es/embarazo/calendario-del-embarazo/embarazada-de-21-semanas?utm_source=newsletter_babyeducation&utm_medium=email&utm_campaign=trigger_babyeducation_week-21&utm_content=maincta _maincta,Mira lo que está pasando en la semana 21,be-post-week-21-es.jpg,Semana 21,be-post-week-21-es-mob.jpg,Semana 21,,,,,,,,,,,,,,,,,,,,,,Tu bebé ahora es más o menos del tamaño de un plátano. Y con un estetoscopio es posible que puedas escuchar sus latidos.,,,Mira lo que está pasando en la semana 21,https://www.dodot.es/embarazo/calendario-del-embarazo/series/embarazo-semana-21?utm_source=newsletter&utm_medium=email&utm_campaign=welcome-day2-content_prenatal_organic&utm_content=body_week21_maincta,,,,
-18,Mira lo que está pasando en la semana 22,¿Sabes qué está pasando en esta semana de embarazo?,,https://www.dodot.es/?utm_source=pampersus&utm_medium=email&utm_campaign=welcome-content_prenatal_organic&utm_content=logo,ws-content-title-es.jpg,ws-content-title-es-mob.jpg,,Profile-prenatall_hero_es.jpg,Profile-prenatall_hero_es-mob.jpg,Esta historia es tan maravillosa que siempre querréis vivir un capítulo más,https://www.dodot.es/embarazo/calendario-del-embarazo/series/embarazo-semana-22?utm_source=newsletter&utm_medium=email&utm_campaign=welcome-day2-content_prenatal_organic&utm_content=body_week22_heroimg,"Descubre cada semana nuevos detalles, desde el embarazo hasta la llegada del bebé.",¡Noticias frescas! ¿Qué está pasando en tu embarazo?,https://www.dodot.es/embarazo/calendario-del-embarazo/embarazada-de-22-semanas?utm_source=newsletter_babyeducation&utm_medium=email&utm_campaign=trigger_babyeducation_week-22&utm_content=maincta _maincta,Mira lo que está pasando en la semana 22,be-post-week-22-es.jpg,Semana 22,be-post-week-22-es-mob.jpg,Semana 22,,,,,,,,,,,,,,,,,,,,,,"Los músculos de los brazos y las piernas de tu bebé se están ejercitando mucho esta semana, y es posible que tu apetito aumente.",,,Mira lo que está pasando en la semana 22,https://www.dodot.es/embarazo/calendario-del-embarazo/series/embarazo-semana-22?utm_source=newsletter&utm_medium=email&utm_campaign=welcome-day2-content_prenatal_organic&utm_content=body_week22_maincta,,,,
-17,Mira lo que está pasando en la semana 23,¿Sabes qué está pasando en esta semana de embarazo?,,https://www.dodot.es/?utm_source=pampersus&utm_medium=email&utm_campaign=welcome-content_prenatal_organic&utm_content=logo,ws-content-title-es.jpg,ws-content-title-es-mob.jpg,,Profile-prenatall_hero_es.jpg,Profile-prenatall_hero_es-mob.jpg,Esta historia es tan maravillosa que siempre querréis vivir un capítulo más,https://www.dodot.es/embarazo/calendario-del-embarazo/series/embarazo-semana-23?utm_source=newsletter&utm_medium=email&utm_campaign=welcome-day2-content_prenatal_organic&utm_content=body_week23_heroimg,"Descubre cada semana nuevos detalles, desde el embarazo hasta la llegada del bebé.",¡Noticias frescas! ¿Qué está pasando en tu embarazo?,https://www.dodot.es/embarazo/calendario-del-embarazo/embarazada-de-23-semanas?utm_source=newsletter_babyeducation&utm_medium=email&utm_campaign=trigger_babyeducation_week-23&utm_content=maincta _maincta,Mira lo que está pasando en la semana 23,be-post-week-23-es.jpg,Semana 23,be-post-week-23-es-mob.jpg,Semana 23,,,,,,,,,,,,,,,,,,,,,,"El líquido amniótico que rodea a tu bebé le proporciona calor, le permite flotar y lo protege contra las infecciones. Es un hogar acuático perfecto.",,,Mira lo que está pasando en la semana 23,https://www.dodot.es/embarazo/calendario-del-embarazo/series/embarazo-semana-23?utm_source=newsletter&utm_medium=email&utm_campaign=welcome-day2-content_prenatal_organic&utm_content=body_week23_maincta,,,,
-16,Mira lo que está pasando en la semana 24,¿Sabes qué está pasando en esta semana de embarazo?,,https://www.dodot.es/?utm_source=pampersus&utm_medium=email&utm_campaign=welcome-content_prenatal_organic&utm_content=logo,ws-content-title-es.jpg,ws-content-title-es-mob.jpg,,Profile-prenatall_hero_es.jpg,Profile-prenatall_hero_es-mob.jpg,Esta historia es tan maravillosa que siempre querréis vivir un capítulo más,https://www.dodot.es/embarazo/calendario-del-embarazo/series/embarazo-semana-24?utm_source=newsletter&utm_medium=email&utm_campaign=welcome-day2-content_prenatal_organic&utm_content=body_week24_heroimg,"Descubre cada semana nuevos detalles, desde el embarazo hasta la llegada del bebé.",¡Noticias frescas! ¿Qué está pasando en tu embarazo?,https://www.dodot.es/embarazo/calendario-del-embarazo/embarazada-de-24-semanas?utm_source=newsletter_babyeducation&utm_medium=email&utm_campaign=trigger_babyeducation_week-24&utm_content=maincta _maincta,Mira lo que está pasando en la semana 24,be-post-week-24-es.jpg,Semana 24,be-post-week-24-es-mob.jpg,Semana 24,,,,,,,,,,,,,,,,,,,,,,"Puedes comenzar a notar pequeños golpes y patadas esta semana, si es que no los has sentido ya. ¡Presta especial atención cuando te acuestes a dormir!",,,Mira lo que está pasando en la semana 24,https://www.dodot.es/embarazo/calendario-del-embarazo/series/embarazo-semana-24?utm_source=newsletter&utm_medium=email&utm_campaign=welcome-day2-content_prenatal_organic&utm_content=body_week24_maincta,,,,
-15,Mira lo que está pasando en la semana 25,¿Sabes qué está pasando en esta semana de embarazo?,,https://www.dodot.es/?utm_source=pampersus&utm_medium=email&utm_campaign=welcome-content_prenatal_organic&utm_content=logo,ws-content-title-es.jpg,ws-content-title-es-mob.jpg,,Profile-prenatall_hero_es.jpg,Profile-prenatall_hero_es-mob.jpg,Esta historia es tan maravillosa que siempre querréis vivir un capítulo más,https://www.dodot.es/embarazo/calendario-del-embarazo/series/embarazo-semana-25?utm_source=newsletter&utm_medium=email&utm_campaign=welcome-day2-content_prenatal_organic&utm_content=body_week25_heroimg,"Descubre cada semana nuevos detalles, desde el embarazo hasta la llegada del bebé.",¡Noticias frescas! ¿Qué está pasando en tu embarazo?,https://www.dodot.es/embarazo/calendario-del-embarazo/embarazada-de-25-semanas?utm_source=newsletter_babyeducation&utm_medium=email&utm_campaign=trigger_babyeducation_week-25&utm_content=maincta _maincta,Mira lo que está pasando en la semana 25,be-post-week-25-es.jpg,Semana 25,be-post-week-25-es-mob.jpg,Semana 25,,,,,,,,,,,,,,,,,,,,,,"Es posible que comiences a sentir que tus órganos internos están presionados, pero es solo porque tu bebé necesita más espacio a partir de esta semana.",,,Mira lo que está pasando en la semana 25,https://www.dodot.es/embarazo/calendario-del-embarazo/series/embarazo-semana-25?utm_source=newsletter&utm_medium=email&utm_campaign=welcome-day2-content_prenatal_organic&utm_content=body_week25_maincta,,,,
-14,Mira lo que está pasando en la semana 26,¿Sabes qué está pasando en esta semana de embarazo?,,https://www.dodot.es/?utm_source=pampersus&utm_medium=email&utm_campaign=welcome-content_prenatal_organic&utm_content=logo,ws-content-title-es.jpg,ws-content-title-es-mob.jpg,,Profile-prenatall_hero_es.jpg,Profile-prenatall_hero_es-mob.jpg,Esta historia es tan maravillosa que siempre querréis vivir un capítulo más,https://www.dodot.es/embarazo/calendario-del-embarazo/series/embarazo-semana-26?utm_source=newsletter&utm_medium=email&utm_campaign=welcome-day2-content_prenatal_organic&utm_content=body_week26_heroimg,"Descubre cada semana nuevos detalles, desde el embarazo hasta la llegada del bebé.",¡Noticias frescas! ¿Qué está pasando en tu embarazo?,https://www.dodot.es/embarazo/calendario-del-embarazo/embarazada-de-26-semanas?utm_source=newsletter_babyeducation&utm_medium=email&utm_campaign=trigger_babyeducation_week-26&utm_content=maincta _maincta,Mira lo que está pasando en la semana 26,be-post-week-26-es.jpg,Semana 26,be-post-week-26-es-mob.jpg,Semana 26,,,,,,,,,,,,,,,,,,,,,,"Tu pequeño está empezando a respirar esta semana. (Es líquido amniótico en lugar de aire, pero bueno ... ¡Es el ritmo bebé!)",,,Mira lo que está pasando en la semana 26,https://www.dodot.es/embarazo/calendario-del-embarazo/series/embarazo-semana-26?utm_source=newsletter&utm_medium=email&utm_campaign=welcome-day2-content_prenatal_organic&utm_content=body_week26_maincta,,,,
-13,Mira lo que está pasando en la semana 27,¿Sabes qué está pasando en esta semana de embarazo?,,https://www.dodot.es/?utm_source=pampersus&utm_medium=email&utm_campaign=welcome-content_prenatal_organic&utm_content=logo,ws-content-title-es.jpg,ws-content-title-es-mob.jpg,,Profile-prenatall_hero_es.jpg,Profile-prenatall_hero_es-mob.jpg,Esta historia es tan maravillosa que siempre querréis vivir un capítulo más,https://www.dodot.es/embarazo/calendario-del-embarazo/series/embarazo-semana-27?utm_source=newsletter&utm_medium=email&utm_campaign=welcome-day2-content_prenatal_organic&utm_content=body_week27_heroimg,"Descubre cada semana nuevos detalles, desde el embarazo hasta la llegada del bebé.",¡Noticias frescas! ¿Qué está pasando en tu embarazo?,https://www.dodot.es/embarazo/calendario-del-embarazo/embarazada-de-27-semanas?utm_source=newsletter_babyeducation&utm_medium=email&utm_campaign=trigger_babyeducation_week-27&utm_content=maincta _maincta,Mira lo que está pasando en la semana 27,be-post-week-27-es.jpg,Semana 27,be-post-week-27-es-mob.jpg,Semana 27,,,,,,,,,,,,,,,,,,,,,,"Puede que solo vea luz y sombras en este punto, pero tu pequeño ya está empezando a utilizar sus ojos por primera vez.",,,Mira lo que está pasando en la semana 27,https://www.dodot.es/embarazo/calendario-del-embarazo/series/embarazo-semana-27?utm_source=newsletter&utm_medium=email&utm_campaign=welcome-day2-content_prenatal_organic&utm_content=body_week27_maincta,,,,
-12,Mira lo que está pasando en la semana 28,¿Sabes qué está pasando en esta semana de embarazo?,,https://www.dodot.es/?utm_source=pampersus&utm_medium=email&utm_campaign=welcome-content_prenatal_organic&utm_content=logo,ws-content-title-es.jpg,ws-content-title-es-mob.jpg,,Profile-prenatall_hero_es.jpg,Profile-prenatall_hero_es-mob.jpg,Esta historia es tan maravillosa que siempre querréis vivir un capítulo más,https://www.dodot.es/embarazo/calendario-del-embarazo/series/embarazo-semana-28?utm_source=newsletter&utm_medium=email&utm_campaign=welcome-day2-content_prenatal_organic&utm_content=body_week28_heroimg,"Descubre cada semana nuevos detalles, desde el embarazo hasta la llegada del bebé.",¡Noticias frescas! ¿Qué está pasando en tu embarazo?,https://www.dodot.es/embarazo/calendario-del-embarazo/embarazada-de-28-semanas?utm_source=newsletter_babyeducation&utm_medium=email&utm_campaign=trigger_babyeducation_week-28&utm_content=maincta _maincta,Mira lo que está pasando en la semana 28,be-post-week-28-es.jpg,Semana 28,be-post-week-28-es-mob.jpg,Semana 28,,,,,,,,,,,,,,,,,,,,,,"Tu bebé comenzará a responder pronto a estímulos sonoros, como tu voz, el ruido de tu estómago o incluso el ruido del mundo exterior.",,,Mira lo que está pasando en la semana 28,https://www.dodot.es/embarazo/calendario-del-embarazo/series/embarazo-semana-28?utm_source=newsletter&utm_medium=email&utm_campaign=welcome-day2-content_prenatal_organic&utm_content=body_week28_maincta,,,,
-11,Mira lo que está pasando en la semana 29,¿Sabes qué está pasando en esta semana de embarazo?,,https://www.dodot.es/?utm_source=pampersus&utm_medium=email&utm_campaign=welcome-content_prenatal_organic&utm_content=logo,ws-content-title-es.jpg,ws-content-title-es-mob.jpg,,Profile-prenatall_hero_es.jpg,Profile-prenatall_hero_es-mob.jpg,Esta historia es tan maravillosa que siempre querréis vivir un capítulo más,https://www.dodot.es/embarazo/calendario-del-embarazo/series/embarazo-semana-29?utm_source=newsletter&utm_medium=email&utm_campaign=welcome-day2-content_prenatal_organic&utm_content=body_week29_heroimg,"Descubre cada semana nuevos detalles, desde el embarazo hasta la llegada del bebé.",¡Noticias frescas! ¿Qué está pasando en tu embarazo?,https://www.dodot.es/embarazo/calendario-del-embarazo/embarazada-de-29-semanas?utm_source=newsletter_babyeducation&utm_medium=email&utm_campaign=trigger_babyeducation_week-29&utm_content=maincta _maincta,Mira lo que está pasando en la semana 29,be-post-week-29-es.jpg,Semana 29,be-post-week-29-es-mob.jpg,Semana 29,,,,,,,,,,,,,,,,,,,,,,"El cerebro de tu pequeño está aprendiendo a regular la temperatura corporal, aunque por ahora no lo necesita porque está cómodo y calentito.",,,Mira lo que está pasando en la semana 29,https://www.dodot.es/embarazo/calendario-del-embarazo/series/embarazo-semana-29?utm_source=newsletter&utm_medium=email&utm_campaign=welcome-day2-content_prenatal_organic&utm_content=body_week29_maincta,,,,
-10,Mira lo que está pasando en la semana 30,¿Sabes qué está pasando en esta semana de embarazo?,,https://www.dodot.es/?utm_source=pampersus&utm_medium=email&utm_campaign=welcome-content_prenatal_organic&utm_content=logo,ws-content-title-es.jpg,ws-content-title-es-mob.jpg,,Profile-prenatall_hero_es.jpg,Profile-prenatall_hero_es-mob.jpg,Esta historia es tan maravillosa que siempre querréis vivir un capítulo más,https://www.dodot.es/embarazo/calendario-del-embarazo/series/embarazo-semana-30?utm_source=newsletter&utm_medium=email&utm_campaign=welcome-day2-content_prenatal_organic&utm_content=body_week30_heroimg,"Descubre cada semana nuevos detalles, desde el embarazo hasta la llegada del bebé.",¡Noticias frescas! ¿Qué está pasando en tu embarazo?,https://www.dodot.es/embarazo/calendario-del-embarazo/embarazada-de-30-semanas?utm_source=newsletter_babyeducation&utm_medium=email&utm_campaign=trigger_babyeducation_week-30&utm_content=maincta _maincta,Mira lo que está pasando en la semana 30,be-post-week-30-es.jpg,Semana 30,be-post-week-30-es-mob.jpg,Semana 30,,,,,,,,,,,,,,,,,,,,,,"Tu pequeño está comiendo lo que tú comes, por lo que es muy importante consumir la cantidad adecuada de calcio, hierro y proteína.",,,Mira lo que está pasando en la semana 30,https://www.dodot.es/embarazo/calendario-del-embarazo/series/embarazo-semana-30?utm_source=newsletter&utm_medium=email&utm_campaign=welcome-day2-content_prenatal_organic&utm_content=body_week30_maincta,,,,
-9,Mira lo que está pasando en la semana 31,¿Sabes qué está pasando en esta semana de embarazo?,,https://www.dodot.es/?utm_source=pampersus&utm_medium=email&utm_campaign=welcome-content_prenatal_organic&utm_content=logo,ws-content-title-es.jpg,ws-content-title-es-mob.jpg,,Profile-prenatall_hero_es.jpg,Profile-prenatall_hero_es-mob.jpg,Esta historia es tan maravillosa que siempre querréis vivir un capítulo más,https://www.dodot.es/embarazo/calendario-del-embarazo/series/embarazo-semana-31?utm_source=newsletter&utm_medium=email&utm_campaign=welcome-day2-content_prenatal_organic&utm_content=body_week31_heroimg,"Descubre cada semana nuevos detalles, desde el embarazo hasta la llegada del bebé.",¡Noticias frescas! ¿Qué está pasando en tu embarazo?,https://www.dodot.es/embarazo/calendario-del-embarazo/embarazada-de-31-semanas?utm_source=newsletter_babyeducation&utm_medium=email&utm_campaign=trigger_babyeducation_week-31&utm_content=maincta _maincta,Mira lo que está pasando en la semana 31,be-post-week-31-es.jpg,Semana 31,be-post-week-31-es-mob.jpg,Semana 31,,,,,,,,,,,,,,,,,,,,,,"Puede parecerte que tu bebé se mueve menos, pero es porque ahora tiene menos espacio.",,,Mira lo que está pasando en la semana 31,https://www.dodot.es/embarazo/calendario-del-embarazo/series/embarazo-semana-31?utm_source=newsletter&utm_medium=email&utm_campaign=welcome-day2-content_prenatal_organic&utm_content=body_week31_maincta,,,,
-8,Mira lo que está pasando en la semana 32,¿Sabes qué está pasando en esta semana de embarazo?,,https://www.dodot.es/?utm_source=pampersus&utm_medium=email&utm_campaign=welcome-content_prenatal_organic&utm_content=logo,ws-content-title-es.jpg,ws-content-title-es-mob.jpg,,Profile-prenatall_hero_es.jpg,Profile-prenatall_hero_es-mob.jpg,Esta historia es tan maravillosa que siempre querréis vivir un capítulo más,https://www.dodot.es/embarazo/calendario-del-embarazo/series/embarazo-semana-32?utm_source=newsletter&utm_medium=email&utm_campaign=welcome-day2-content_prenatal_organic&utm_content=body_week32_heroimg,"Descubre cada semana nuevos detalles, desde el embarazo hasta la llegada del bebé.",¡Noticias frescas! ¿Qué está pasando en tu embarazo?,https://www.dodot.es/embarazo/calendario-del-embarazo/embarazada-de-32-semanas?utm_source=newsletter_babyeducation&utm_medium=email&utm_campaign=trigger_babyeducation_week-32&utm_content=maincta _maincta,Mira lo que está pasando en la semana 32,be-post-week-32-es.jpg,Semana 32,be-post-week-32-es-mob.jpg,Semana 32,,,,,,,,,,,,,,,,,,,,,,"Si notas algunas acrobacias adicionales esta semana, ¡es porque tu bebé se está posicionando para el gran día!",,,Mira lo que está pasando en la semana 32,https://www.dodot.es/embarazo/calendario-del-embarazo/series/embarazo-semana-32?utm_source=newsletter&utm_medium=email&utm_campaign=welcome-day2-content_prenatal_organic&utm_content=body_week32_maincta,,,,
-7,Mira lo que está pasando en la semana 33,¿Sabes qué está pasando en esta semana de embarazo?,,https://www.dodot.es/?utm_source=pampersus&utm_medium=email&utm_campaign=welcome-content_prenatal_organic&utm_content=logo,ws-content-title-es.jpg,ws-content-title-es-mob.jpg,,Profile-prenatall_hero_es.jpg,Profile-prenatall_hero_es-mob.jpg,Esta historia es tan maravillosa que siempre querréis vivir un capítulo más,https://www.dodot.es/embarazo/calendario-del-embarazo/series/embarazo-semana-33?utm_source=newsletter&utm_medium=email&utm_campaign=welcome-day2-content_prenatal_organic&utm_content=body_week33_heroimg,"Descubre cada semana nuevos detalles, desde el embarazo hasta la llegada del bebé.",¡Noticias frescas! ¿Qué está pasando en tu embarazo?,https://www.dodot.es/embarazo/calendario-del-embarazo/embarazada-de-33-semanas?utm_source=newsletter_babyeducation&utm_medium=email&utm_campaign=trigger_babyeducation_week-33&utm_content=maincta _maincta,Mira lo que está pasando en la semana 33,be-post-week-33-es.jpg,Semana 33,be-post-week-33-es-mob.jpg,Semana 33,,,,,,,,,,,,,,,,,,,,,,"Todos los sentidos de tu bebé están funcionando ahora, preparándose para la vida en el mundo exterior.",,,Mira lo que está pasando en la semana 33,https://www.dodot.es/embarazo/calendario-del-embarazo/series/embarazo-semana-33?utm_source=newsletter&utm_medium=email&utm_campaign=welcome-day2-content_prenatal_organic&utm_content=body_week33_maincta,,,,
-6,Mira lo que está pasando en la semana 34,¿Sabes qué está pasando en esta semana de embarazo?,,https://www.dodot.es/?utm_source=pampersus&utm_medium=email&utm_campaign=welcome-content_prenatal_organic&utm_content=logo,ws-content-title-es.jpg,ws-content-title-es-mob.jpg,,Profile-prenatall_hero_es.jpg,Profile-prenatall_hero_es-mob.jpg,Esta historia es tan maravillosa que siempre querréis vivir un capítulo más,https://www.dodot.es/embarazo/calendario-del-embarazo/series/embarazo-semana-34?utm_source=newsletter&utm_medium=email&utm_campaign=welcome-day2-content_prenatal_organic&utm_content=body_week34_heroimg,"Descubre cada semana nuevos detalles, desde el embarazo hasta la llegada del bebé.",¡Noticias frescas! ¿Qué está pasando en tu embarazo?,https://www.dodot.es/embarazo/calendario-del-embarazo/embarazada-de-34-semanas?utm_source=newsletter_babyeducation&utm_medium=email&utm_campaign=trigger_babyeducation_week-34&utm_content=maincta _maincta,Mira lo que está pasando en la semana 34,be-post-week-34-es.jpg,Semana 34,be-post-week-34-es-mob.jpg,Semana 34,,,,,,,,,,,,,,,,,,,,,,"Tu bebé se está quedando sin espacio, lo que significa que es hora de estar atenta a los signos del trabajo de parto.",,,Mira lo que está pasando en la semana 34,https://www.dodot.es/embarazo/calendario-del-embarazo/series/embarazo-semana-34?utm_source=newsletter&utm_medium=email&utm_campaign=welcome-day2-content_prenatal_organic&utm_content=body_week34_maincta,,,,
-5,Mira lo que está pasando en la semana 35,¿Sabes qué está pasando en esta semana de embarazo?,,https://www.dodot.es/?utm_source=pampersus&utm_medium=email&utm_campaign=welcome-content_prenatal_organic&utm_content=logo,ws-content-title-es.jpg,ws-content-title-es-mob.jpg,,Profile-prenatall_hero_es.jpg,Profile-prenatall_hero_es-mob.jpg,Esta historia es tan maravillosa que siempre querréis vivir un capítulo más,https://www.dodot.es/embarazo/calendario-del-embarazo/series/embarazo-semana-35?utm_source=newsletter&utm_medium=email&utm_campaign=welcome-day2-content_prenatal_organic&utm_content=body_week35_heroimg,"Descubre cada semana nuevos detalles, desde el embarazo hasta la llegada del bebé.",¡Noticias frescas! ¿Qué está pasando en tu embarazo?,https://www.dodot.es/embarazo/calendario-del-embarazo/embarazada-de-35-semanas?utm_source=newsletter_babyeducation&utm_medium=email&utm_campaign=trigger_babyeducation_week-35&utm_content=maincta _maincta,Mira lo que está pasando en la semana 35,be-post-week-35-es.jpg,Semana 35,be-post-week-35-es-mob.jpg,Semana 35,,,,,,,,,,,,,,,,,,,,,,"Es probable que tu bebé ya esté de cabeza en el canal de parto, listo para el gran viaje que emprenderá en unas pocas semanas.",,,Mira lo que está pasando en la semana 35,https://www.dodot.es/embarazo/calendario-del-embarazo/series/embarazo-semana-35?utm_source=newsletter&utm_medium=email&utm_campaign=welcome-day2-content_prenatal_organic&utm_content=body_week35_maincta,,,,
-4,Mira lo que está pasando en la semana 36,¿Sabes qué está pasando en esta semana de embarazo?,,https://www.dodot.es/?utm_source=pampersus&utm_medium=email&utm_campaign=welcome-content_prenatal_organic&utm_content=logo,ws-content-title-es.jpg,ws-content-title-es-mob.jpg,,Profile-prenatall_hero_es.jpg,Profile-prenatall_hero_es-mob.jpg,Esta historia es tan maravillosa que siempre querréis vivir un capítulo más,https://www.dodot.es/embarazo/calendario-del-embarazo/series/embarazo-semana-36?utm_source=newsletter&utm_medium=email&utm_campaign=welcome-day2-content_prenatal_organic&utm_content=body_week36_heroimg,"Descubre cada semana nuevos detalles, desde el embarazo hasta la llegada del bebé.",¡Noticias frescas! ¿Qué está pasando en tu embarazo?,https://www.dodot.es/embarazo/calendario-del-embarazo/embarazada-de-36-semanas?utm_source=newsletter_babyeducation&utm_medium=email&utm_campaign=trigger_babyeducation_week-36&utm_content=maincta _maincta,Mira lo que está pasando en la semana 36,be-post-week-36-es.jpg,Semana 36,be-post-week-36-es-mob.jpg,Semana 36,,,,,,,,,,,,,,,,,,,,,,"A tu bebé le encanta escucharte y prefiere tu voz a cualquier otro sonido. Así que no sientas vergüenza de tararearle una canción de cuna, o de leerle un cuento.",,,Mira lo que está pasando en la semana 36,https://www.dodot.es/embarazo/calendario-del-embarazo/series/embarazo-semana-36?utm_source=newsletter&utm_medium=email&utm_campaign=welcome-day2-content_prenatal_organic&utm_content=body_week36_maincta,,,,
-3,Mira lo que está pasando en la semana 37,¿Sabes qué está pasando en esta semana de embarazo?,,https://www.dodot.es/?utm_source=pampersus&utm_medium=email&utm_campaign=welcome-content_prenatal_organic&utm_content=logo,ws-content-title-es.jpg,ws-content-title-es-mob.jpg,,Profile-prenatall_hero_es.jpg,Profile-prenatall_hero_es-mob.jpg,Esta historia es tan maravillosa que siempre querréis vivir un capítulo más,https://www.dodot.es/embarazo/calendario-del-embarazo/series/embarazo-semana-37?utm_source=newsletter&utm_medium=email&utm_campaign=welcome-day2-content_prenatal_organic&utm_content=body_week37_heroimg,"Descubre cada semana nuevos detalles, desde el embarazo hasta la llegada del bebé.",¡Noticias frescas! ¿Qué está pasando en tu embarazo?,https://www.dodot.es/embarazo/calendario-del-embarazo/embarazada-de-37-semanas?utm_source=newsletter_babyeducation&utm_medium=email&utm_campaign=trigger_babyeducation_week-37&utm_content=maincta _maincta,Mira lo que está pasando en la semana 37,be-post-week-37-es.jpg,Semana 37,be-post-week-37-es-mob.jpg,Semana 37,,,,,,,,,,,,,,,,,,,,,,Tu pequeño todavía sigue creciendo rápido (¡apróximadamente 15 gramos por día!) Y está más bonito que nunca.,,,Mira lo que está pasando en la semana 37,https://www.dodot.es/embarazo/calendario-del-embarazo/series/embarazo-semana-37?utm_source=newsletter&utm_medium=email&utm_campaign=welcome-day2-content_prenatal_organic&utm_content=body_week37_maincta,,,,
-2,Mira lo que está pasando en la semana 38,¿Sabes qué está pasando en esta semana de embarazo?,,https://www.dodot.es/?utm_source=pampersus&utm_medium=email&utm_campaign=welcome-content_prenatal_organic&utm_content=logo,ws-content-title-es.jpg,ws-content-title-es-mob.jpg,,Profile-prenatall_hero_es.jpg,Profile-prenatall_hero_es-mob.jpg,Esta historia es tan maravillosa que siempre querréis vivir un capítulo más,https://www.dodot.es/embarazo/calendario-del-embarazo/series/embarazo-semana-38?utm_source=newsletter&utm_medium=email&utm_campaign=welcome-day2-content_prenatal_organic&utm_content=body_week38_heroimg,"Descubre cada semana nuevos detalles, desde el embarazo hasta la llegada del bebé.",¡Noticias frescas! ¿Qué está pasando en tu embarazo?,https://www.dodot.es/embarazo/calendario-del-embarazo/embarazada-de-38-semanas?utm_source=newsletter_babyeducation&utm_medium=email&utm_campaign=trigger_babyeducation_week-38&utm_content=maincta _maincta,Mira lo que está pasando en la semana 38,be-post-week-38-es.jpg,Semana 38,be-post-week-38-es-mob.jpg,Semana 38,,,,,,,,,,,,,,,,,,,,,,Tu bebé se está deshaciendo del vello corporal y del vérnix (sustancia parecida a la cera que protege la dermis) a medida que su piel se prepara para el aire libre.,,,Mira lo que está pasando en la semana 38,https://www.dodot.es/embarazo/calendario-del-embarazo/series/embarazo-semana-38?utm_source=newsletter&utm_medium=email&utm_campaign=welcome-day2-content_prenatal_organic&utm_content=body_week38_maincta,,,,
-1,Mira lo que está pasando en la semana 39,¿Sabes qué está pasando en esta semana de embarazo?,,https://www.dodot.es/?utm_source=pampersus&utm_medium=email&utm_campaign=welcome-content_prenatal_organic&utm_content=logo,ws-content-title-es.jpg,ws-content-title-es-mob.jpg,,Profile-prenatall_hero_es.jpg,Profile-prenatall_hero_es-mob.jpg,Esta historia es tan maravillosa que siempre querréis vivir un capítulo más,https://www.dodot.es/embarazo/calendario-del-embarazo/series/embarazo-semana-39?utm_source=newsletter&utm_medium=email&utm_campaign=welcome-day2-content_prenatal_organic&utm_content=body_week39_heroimg,"Descubre cada semana nuevos detalles, desde el embarazo hasta la llegada del bebé.",¡Noticias frescas! ¿Qué está pasando en tu embarazo?,https://www.dodot.es/embarazo/calendario-del-embarazo/embarazada-de-39-semanas?utm_source=newsletter_babyeducation&utm_medium=email&utm_campaign=trigger_babyeducation_week-39&utm_content=maincta _maincta,Mira lo que está pasando en la semana 39,be-post-week-39-es.jpg,Semana 39,be-post-week-39-es-mob.jpg,Semana 39,,,,,,,,,,,,,,,,,,,,,,"En este momento los pulmones de tu bebé están ocupados fabricando surfactante, una sustancia que ayuda a evitar que los alvéolos pulmonares se peguen cuando respire por primera vez.",,,Mira lo que está pasando en la semana 39,https://www.dodot.es/embarazo/calendario-del-embarazo/series/embarazo-semana-39?utm_source=newsletter&utm_medium=email&utm_campaign=welcome-day2-content_prenatal_organic&utm_content=body_week39_maincta,,,,
0,Mira lo que está pasando en la semana 40,¿Sabes qué está pasando en esta semana de embarazo?,,https://www.dodot.es/?utm_source=pampersus&utm_medium=email&utm_campaign=welcome-content_prenatal_organic&utm_content=logo,ws-content-title-es.jpg,ws-content-title-es-mob.jpg,,Profile-prenatall_hero_es.jpg,Profile-prenatall_hero_es-mob.jpg,Esta historia es tan maravillosa que siempre querréis vivir un capítulo más,https://www.dodot.es/embarazo/calendario-del-embarazo/series/embarazo-semana-40?utm_source=newsletter&utm_medium=email&utm_campaign=welcome-day2-content_prenatal_organic&utm_content=body_week40_heroimg,"Descubre cada semana nuevos detalles, desde el embarazo hasta la llegada del bebé.",¡Noticias frescas! ¿Qué está pasando en tu embarazo?,https://www.dodot.es/embarazo/calendario-del-embarazo/embarazada-de-40-semanas?utm_source=newsletter_babyeducation&utm_medium=email&utm_campaign=trigger_babyeducation_week-40&utm_content=maincta _maincta,Mira lo que está pasando en la semana 40,be-post-week-40-es.jpg,Semana 40,be-post-week-40-es-mob.jpg,Semana 40,,,,,,,,,,,,,,,,,,,,,,"Tu bebé está acurrucado dentro de tu útero, esperando para saludarte. ¡Ya casi es la hora!",,,Mira lo que está pasando en la semana 40,https://www.dodot.es/embarazo/calendario-del-embarazo/series/embarazo-semana-40?utm_source=newsletter&utm_medium=email&utm_campaign=welcome-day2-content_prenatal_organic&utm_content=body_week40_maincta,,,,
0,1,2,3,4,5,6,7,8,9,10,11,12,13,14,15,16,17,18,19,,,,,,,,,,,,,,,,,,,,,,,,,,,,,,